follower,followed,favcount,defaultimage,lengthUserName,lengthDescName,ratioFollowerFollowed,getReputation,AgeOfAccount,FollowingRate,CountOfTweets,NumberOfTPerDay,AvgLinkCount,AvgRTCount,AvgHTCount,AvgFavCount,AvgDDifference,AvgNOfChars,AvgNOfWords,AvgNOfCapitalization,AvgNOfQuestionMark,AvgNOfExclamationMark,AvgNOfDotMark,AvgMaxWordLength,AvgNOfWhiteSpaces,AvgMeanWordLength,Type
8442872,41,419,false,9,33,205923.0,0.999995,69352,121.73941631099319,2862,0.990654,0.0,0.0,0.0,0.0,0.0,0.0,0.0,0.0,0.0,0.0,0.0,0.0,0.0,0.0,Human
684039,807,7605,false,6,121,847.0,0.998822,60993,11.215041070286754,22841,8.98898,0.0,0.0,0.0,0.0,0.0,0.0,0.0,0.0,0.0,0.0,0.0,0.0,0.0,0.0,Human
4399,1972,2904,false,16,142,2.0,0.690472,56463,0.07790942741264191,2304,0.979592,0.0,0.0,0.0,0.0,0.0,0.0,0.0,0.0,0.0,0.0,0.0,0.0,0.0,0.0,Human
727875,9532,38420,false,12,4,76.0,0.987074,63932,11.385143590064443,22869,8.58768,0.0,0.0,0.0,0.0,0.0,0.0,0.0,0.0,0.0,0.0,0.0,0.0,0.0,0.0,Human
139336,588,7833,false,15,155,236.0,0.995798,22242,6.264544555345743,4141,4.47192,0.0,0.0,0.0,0.0,0.0,0.0,0.0,0.0,0.0,0.0,0.0,0.0,0.0,0.0,Human
17822820,95,783,false,12,54,187608.0,0.999995,72546,245.67612273591928,7312,2.41959,0.0,0.0,0.0,0.0,0.0,0.0,0.0,0.0,0.0,0.0,0.0,0.0,0.0,0.0,Human
36599694,279,148,false,13,0,131181.0,0.999992,72477,504.9835672006292,12026,3.98344,0.0,0.0,0.0,0.0,0.0,0.0,0.0,0.0,0.0,0.0,0.0,0.0,0.0,0.0,Human
67228576,36132,430,false,15,115,1860.0,0.999463,76376,880.2316958206767,14176,4.45506,0.0,0.0,0.0,0.0,0.0,0.0,0.0,0.0,0.0,0.0,0.0,0.0,0.0,0.0,Human
28546428,45,48,false,15,46,634365.0,0.999998,71182,401.03436261976344,34830,11.747,0.0,0.0,0.0,0.0,0.0,0.0,0.0,0.0,0.0,0.0,0.0,0.0,0.0,0.0,Human
1142872,13819,17267,false,9,43,82.0,0.988053,30183,37.86475830765663,7668,6.10024,0.0,0.0,0.0,0.0,0.0,0.0,0.0,0.0,0.0,0.0,0.0,0.0,0.0,0.0,Human
148692,1493,75219,false,12,154,99.0,0.990059,71368,2.083454769644659,17292,5.81635,0.0,0.0,0.0,0.0,0.0,0.0,0.0,0.0,0.0,0.0,0.0,0.0,0.0,0.0,Human
1587977,835,1679,false,15,23,1901.0,0.999474,64172,24.745636726298073,3031,1.13393,0.0,0.0,0.0,0.0,0.0,0.0,0.0,0.0,0.0,0.0,0.0,0.0,0.0,0.0,Human
5525399,313,425,false,9,94,17653.0,0.999943,59777,92.43352794553088,11764,4.7245,0.0,0.0,0.0,0.0,0.0,0.0,0.0,0.0,0.0,0.0,0.0,0.0,0.0,0.0,Human
10220442,479,14601,false,12,138,21337.0,0.999953,67871,150.58628869472972,7647,2.70499,0.0,0.0,0.0,0.0,0.0,0.0,0.0,0.0,0.0,0.0,0.0,0.0,0.0,0.0,Human
24539707,353,1010,false,11,114,69517.0,0.999986,59582,411.8644389245074,1580,0.636583,0.0,0.0,0.0,0.0,0.0,0.0,0.0,0.0,0.0,0.0,0.0,0.0,0.0,0.0,Human
9413996,10,1158,false,4,152,941399.0,0.999999,75209,125.17113643313965,36868,11.7676,0.0,0.0,0.0,0.0,0.0,0.0,0.0,0.0,0.0,0.0,0.0,0.0,0.0,0.0,Human
292986,798,409,false,13,155,367.0,0.997284,68988,4.246912506522873,15986,5.56228,0.0,0.0,0.0,0.0,0.0,0.0,0.0,0.0,0.0,0.0,0.0,0.0,0.0,0.0,Human
729714,178,26,false,9,153,4099.0,0.999756,74892,9.743550713026758,110758,35.4994,0.0,0.0,0.0,0.0,0.0,0.0,0.0,0.0,0.0,0.0,0.0,0.0,0.0,0.0,Human
148082,568,22615,false,10,89,260.0,0.996179,73675,2.0099355276552426,24030,7.82991,0.0,0.0,0.0,0.0,0.0,0.0,0.0,0.0,0.0,0.0,0.0,0.0,0.0,0.0,Human
1252575,443,797,false,13,93,2827.0,0.999646,56399,22.209170375361264,2374,1.01064,0.0,0.0,0.0,0.0,0.0,0.0,0.0,0.0,0.0,0.0,0.0,0.0,0.0,0.0,Human
866567,338,10606,false,13,152,2563.0,0.99961,69242,12.515048669882441,21428,7.42738,0.0,0.0,0.0,0.0,0.0,0.0,0.0,0.0,0.0,0.0,0.0,0.0,0.0,0.0,Human
2808,889,7070,false,12,59,3.0,0.759535,32106,0.08746028779667352,5930,4.4353,0.0,0.0,0.0,0.0,0.0,0.0,0.0,0.0,0.0,0.0,0.0,0.0,0.0,0.0,Human
109072,583,9204,false,13,129,187.0,0.994683,39644,2.751286449399657,3263,1.97638,0.0,0.0,0.0,0.0,0.0,0.0,0.0,0.0,0.0,0.0,0.0,0.0,0.0,0.0,Human
4770,206,2613,false,14,157,23.0,0.958601,69258,0.06887290998873777,1598,0.553899,0.0,0.0,0.0,0.0,0.0,0.0,0.0,0.0,0.0,0.0,0.0,0.0,0.0,0.0,Human
423166,585,163,false,10,123,723.0,0.998619,72873,5.806896930275959,23833,7.85013,0.0,0.0,0.0,0.0,0.0,0.0,0.0,0.0,0.0,0.0,0.0,0.0,0.0,0.0,Human
9195397,796,5661,false,11,0,11552.0,0.999913,73333,125.39234723794199,10864,3.55614,0.0,0.0,0.0,0.0,0.0,0.0,0.0,0.0,0.0,0.0,0.0,0.0,0.0,0.0,Human
11491,1225,4375,false,14,158,9.0,0.903665,72532,0.15842662548943914,5180,1.7141,0.0,0.0,0.0,0.0,0.0,0.0,0.0,0.0,0.0,0.0,0.0,0.0,0.0,0.0,Human
3485,1141,1875,false,11,54,3.0,0.753351,68822,0.05063787742291709,3693,1.28811,0.0,0.0,0.0,0.0,0.0,0.0,0.0,0.0,0.0,0.0,0.0,0.0,0.0,0.0,Human
483524,395,810,false,14,0,1224.0,0.999184,63280,7.64102402022756,6547,2.48369,0.0,0.0,0.0,0.0,0.0,0.0,0.0,0.0,0.0,0.0,0.0,0.0,0.0,0.0,Human
4125607,96,13,false,14,111,42975.0,0.999977,52916,77.96520901050722,5817,2.63929,0.0,0.0,0.0,0.0,0.0,0.0,0.0,0.0,0.0,0.0,0.0,0.0,0.0,0.0,Human
2295174,450,1416,false,15,119,5100.0,0.999804,72158,31.807616619085895,8017,2.667,0.0,0.0,0.0,0.0,0.0,0.0,0.0,0.0,0.0,0.0,0.0,0.0,0.0,0.0,Human
178462,1764,3877,false,11,91,101.0,0.990212,70341,2.5370978518929217,14348,4.89693,0.0,0.0,0.0,0.0,0.0,0.0,0.0,0.0,0.0,0.0,0.0,0.0,0.0,0.0,Human
1219371,1439,6724,false,16,49,847.0,0.998821,72014,16.932415919126836,43915,14.6383,0.0,0.0,0.0,0.0,0.0,0.0,0.0,0.0,0.0,0.0,0.0,0.0,0.0,0.0,Human
502109,116,10,false,13,119,4328.0,0.999769,77848,6.449863837221252,16489,5.08449,0.0,0.0,0.0,0.0,0.0,0.0,0.0,0.0,0.0,0.0,0.0,0.0,0.0,0.0,Human
6217611,1527,967,false,14,60,4071.0,0.999754,56562,109.92558608252891,10493,4.45374,0.0,0.0,0.0,0.0,0.0,0.0,0.0,0.0,0.0,0.0,0.0,0.0,0.0,0.0,Human
14201908,763,1175,false,15,128,18613.0,0.999946,35586,399.08694430393973,9848,6.64507,0.0,0.0,0.0,0.0,0.0,0.0,0.0,0.0,0.0,0.0,0.0,0.0,0.0,0.0,Human
87355225,630181,10,false,12,33,138.0,0.992838,89030,981.18864427721,15442,4.16339,0.0,0.0,0.0,0.0,0.0,0.0,0.0,0.0,0.0,0.0,0.0,0.0,0.0,0.0,Human
101257,1006,1013,false,14,35,100.0,0.990163,13123,7.715994818258021,9050,16.5751,0.0,0.0,0.0,0.0,0.0,0.0,0.0,0.0,0.0,0.0,0.0,0.0,0.0,0.0,Human
651412,7104,67013,false,10,158,91.0,0.989212,89695,7.2625229945927865,5367,1.43618,0.0,0.0,0.0,0.0,0.0,0.0,0.0,0.0,0.0,0.0,0.0,0.0,0.0,0.0,Human
48291,392,1181,false,13,149,123.0,0.991948,55340,0.8726237802674377,32236,13.9852,0.0,0.0,0.0,0.0,0.0,0.0,0.0,0.0,0.0,0.0,0.0,0.0,0.0,0.0,Human
8167,1593,1821,false,13,52,5.0,0.836783,52400,0.1558587786259542,8705,3.98763,0.0,0.0,0.0,0.0,0.0,0.0,0.0,0.0,0.0,0.0,0.0,0.0,0.0,0.0,Human
13161,1767,1167,false,10,112,7.0,0.881632,53970,0.24385769872151195,6182,2.75,0.0,0.0,0.0,0.0,0.0,0.0,0.0,0.0,0.0,0.0,0.0,0.0,0.0,0.0,Human
23374,797,1574,false,19,65,29.0,0.967027,58719,0.39806536214853794,10890,4.45217,0.0,0.0,0.0,0.0,0.0,0.0,0.0,0.0,0.0,0.0,0.0,0.0,0.0,0.0,Human
1001771,341,680,false,11,34,2937.0,0.99966,17955,55.79342801448065,1039,1.38904,0.0,0.0,0.0,0.0,0.0,0.0,0.0,0.0,0.0,0.0,0.0,0.0,0.0,0.0,Human
30811,613,2590,false,8,160,50.0,0.980493,49578,0.6214651660010488,13918,6.73995,0.0,0.0,0.0,0.0,0.0,0.0,0.0,0.0,0.0,0.0,0.0,0.0,0.0,0.0,Human
4586003,2038,13226,false,11,55,2250.0,0.999556,68482,66.96654595368126,9372,3.28496,0.0,0.0,0.0,0.0,0.0,0.0,0.0,0.0,0.0,0.0,0.0,0.0,0.0,0.0,Human
5392,1255,29480,false,16,143,4.0,0.811193,76235,0.07072866793467568,26132,8.22796,0.0,0.0,0.0,0.0,0.0,0.0,0.0,0.0,0.0,0.0,0.0,0.0,0.0,0.0,Human
732030,10109,94190,false,12,137,72.0,0.986379,78115,9.371183511489471,29081,8.937,0.0,0.0,0.0,0.0,0.0,0.0,0.0,0.0,0.0,0.0,0.0,0.0,0.0,0.0,Human
13827,767,33613,false,11,159,18.0,0.947444,57831,0.23909321989936194,41769,17.3387,0.0,0.0,0.0,0.0,0.0,0.0,0.0,0.0,0.0,0.0,0.0,0.0,0.0,0.0,Human
6583436,7904,16018,false,12,100,832.0,0.998801,68988,95.42871223980983,75827,26.3838,0.0,0.0,0.0,0.0,0.0,0.0,0.0,0.0,0.0,0.0,0.0,0.0,0.0,0.0,Human
1809,340,11626,false,1,27,5.0,0.841787,54562,0.03315494300062315,28034,12.3335,0.0,0.0,0.0,0.0,0.0,0.0,0.0,0.0,0.0,0.0,0.0,0.0,0.0,0.0,Human
1609,1972,168,false,9,158,0.0,0.449316,56853,0.02830105711220164,44033,18.595,0.0,0.0,0.0,0.0,0.0,0.0,0.0,0.0,0.0,0.0,0.0,0.0,0.0,0.0,Human
4626,5046,100,false,6,41,0.0,0.478288,47237,0.0979317060778627,9660,4.90854,0.0,0.0,0.0,0.0,0.0,0.0,0.0,0.0,0.0,0.0,0.0,0.0,0.0,0.0,Human
1580,4954,960,false,18,76,0.0,0.241812,69686,0.022673133771489253,213793,73.6455,0.0,0.0,0.0,0.0,0.0,0.0,0.0,0.0,0.0,0.0,0.0,0.0,0.0,0.0,Human
2578,2953,715,false,13,73,0.0,0.4661,49060,0.05254790052996331,2070,1.01272,0.0,0.0,0.0,0.0,0.0,0.0,0.0,0.0,0.0,0.0,0.0,0.0,0.0,0.0,Human
200,339,1205,false,12,35,0.0,0.371058,46453,0.004305426990721805,6588,3.40465,0.0,0.0,0.0,0.0,0.0,0.0,0.0,0.0,0.0,0.0,0.0,0.0,0.0,0.0,Human
1056,865,19841,false,6,67,1.0,0.549714,26868,0.03930326038410004,30210,26.9973,0.0,0.0,0.0,0.0,0.0,0.0,0.0,0.0,0.0,0.0,0.0,0.0,0.0,0.0,Human
817,284,3548,false,15,116,2.0,0.742053,67869,0.012037896535973714,8186,2.89565,0.0,0.0,0.0,0.0,0.0,0.0,0.0,0.0,0.0,0.0,0.0,0.0,0.0,0.0,Human
774,1895,0,false,14,0,0.0,0.289996,52535,0.01473303511944418,9937,4.54159,0.0,0.0,0.0,0.0,0.0,0.0,0.0,0.0,0.0,0.0,0.0,0.0,0.0,0.0,Human
112,371,155,false,16,0,0.0,0.231884,71043,0.0015765100009853187,1456,0.491892,0.0,0.0,0.0,0.0,0.0,0.0,0.0,0.0,0.0,0.0,0.0,0.0,0.0,0.0,Human
9307,8714,1221,false,11,159,1.0,0.516453,53564,0.17375476066014486,125837,56.4039,0.0,0.0,0.0,0.0,0.0,0.0,0.0,0.0,0.0,0.0,0.0,0.0,0.0,0.0,Human
294196,951,1328,false,12,71,309.0,0.996778,69998,4.202920083430955,14657,5.02641,0.0,0.0,0.0,0.0,0.0,0.0,0.0,0.0,0.0,0.0,0.0,0.0,0.0,0.0,Human
1150038,595,3933,false,13,30,1932.0,0.999483,70038,16.420200462606015,5606,1.92118,0.0,0.0,0.0,0.0,0.0,0.0,0.0,0.0,0.0,0.0,0.0,0.0,0.0,0.0,Human
10,13,0,true,14,7,0.0,0.434783,28190,3.54735721887194E-4,2840,2.41908,0.0,0.0,0.0,0.0,0.0,0.0,0.0,0.0,0.0,0.0,0.0,0.0,0.0,0.0,Human
27070,268,201,false,14,144,101.0,0.990197,55013,0.4920655117881228,2383,1.0397,0.0,0.0,0.0,0.0,0.0,0.0,0.0,0.0,0.0,0.0,0.0,0.0,0.0,0.0,Human
310,389,411,false,12,148,0.0,0.443491,57982,0.005346486840743679,12751,5.27992,0.0,0.0,0.0,0.0,0.0,0.0,0.0,0.0,0.0,0.0,0.0,0.0,0.0,0.0,Human
1568,769,6775,false,13,109,2.0,0.670946,51550,0.030417070805043647,44968,20.9446,0.0,0.0,0.0,0.0,0.0,0.0,0.0,0.0,0.0,0.0,0.0,0.0,0.0,0.0,Human
470,1816,5152,false,10,95,0.0,0.205599,54722,0.008588867365958847,6543,2.86974,0.0,0.0,0.0,0.0,0.0,0.0,0.0,0.0,0.0,0.0,0.0,0.0,0.0,0.0,Human
8798,8471,17058,false,15,110,1.0,0.509468,31193,0.28205046003911133,21944,16.893,0.0,0.0,0.0,0.0,0.0,0.0,0.0,0.0,0.0,0.0,0.0,0.0,0.0,0.0,Human
569,649,4039,false,5,120,0.0,0.467159,47612,0.011950768713769638,23346,11.7731,0.0,0.0,0.0,0.0,0.0,0.0,0.0,0.0,0.0,0.0,0.0,0.0,0.0,0.0,Human
148,108,6764,false,7,0,1.0,0.578125,39048,0.00379020692481049,7753,4.76521,0.0,0.0,0.0,0.0,0.0,0.0,0.0,0.0,0.0,0.0,0.0,0.0,0.0,0.0,Human
34942162,167,76,false,12,66,209234.0,0.999995,71469,488.91354293469897,5332,1.79106,0.0,0.0,0.0,0.0,0.0,0.0,0.0,0.0,0.0,0.0,0.0,0.0,0.0,0.0,Human
283213,571,3634,false,12,35,495.0,0.997988,63786,4.440049540651554,3777,1.42153,0.0,0.0,0.0,0.0,0.0,0.0,0.0,0.0,0.0,0.0,0.0,0.0,0.0,0.0,Human
1490533,1193,8409,false,15,92,1249.0,0.9992,71556,20.830300743473643,32609,10.9389,0.0,0.0,0.0,0.0,0.0,0.0,0.0,0.0,0.0,0.0,0.0,0.0,0.0,0.0,Human
2287733,980,235,false,16,151,2334.0,0.999572,49041,46.64939540384576,7224,3.53598,0.0,0.0,0.0,0.0,0.0,0.0,0.0,0.0,0.0,0.0,0.0,0.0,0.0,0.0,Human
1662,409,117,false,12,23,4.0,0.802511,65220,0.02548298068077277,7535,2.77328,0.0,0.0,0.0,0.0,0.0,0.0,0.0,0.0,0.0,0.0,0.0,0.0,0.0,0.0,Human
2108,1911,6467,false,6,137,1.0,0.524509,68754,0.03066003432527562,6662,2.32612,0.0,0.0,0.0,0.0,0.0,0.0,0.0,0.0,0.0,0.0,0.0,0.0,0.0,0.0,Human
125653,1981,18099,false,17,157,63.0,0.984479,70046,1.7938640322074066,6373,2.18403,0.0,0.0,0.0,0.0,0.0,0.0,0.0,0.0,0.0,0.0,0.0,0.0,0.0,0.0,Human
1955,2897,3223,false,20,158,0.0,0.402927,63744,0.030669553212851405,9061,3.41152,0.0,0.0,0.0,0.0,0.0,0.0,0.0,0.0,0.0,0.0,0.0,0.0,0.0,0.0,Human
4605,255,16031,false,6,114,18.0,0.947531,70625,0.06520353982300885,9010,3.06254,0.0,0.0,0.0,0.0,0.0,0.0,0.0,0.0,0.0,0.0,0.0,0.0,0.0,0.0,Human
611,216,691,false,6,24,2.0,0.738815,54176,0.011278056704075605,3263,1.44572,0.0,0.0,0.0,0.0,0.0,0.0,0.0,0.0,0.0,0.0,0.0,0.0,0.0,0.0,Human
76,150,1350,false,10,40,0.0,0.336283,45993,0.0016524253690779031,1771,0.924322,0.0,0.0,0.0,0.0,0.0,0.0,0.0,0.0,0.0,0.0,0.0,0.0,0.0,0.0,Human
402,472,1381,false,8,108,0.0,0.459954,44844,0.008964409954508964,9168,4.90792,0.0,0.0,0.0,0.0,0.0,0.0,0.0,0.0,0.0,0.0,0.0,0.0,0.0,0.0,Human
75111,758,48945,false,8,35,99.0,0.990009,64595,1.1627989782490904,26751,9.94091,0.0,0.0,0.0,0.0,0.0,0.0,0.0,0.0,0.0,0.0,0.0,0.0,0.0,0.0,Human
165,204,216,false,10,159,0.0,0.447154,72016,0.002291157520550989,2947,0.982333,0.0,0.0,0.0,0.0,0.0,0.0,0.0,0.0,0.0,0.0,0.0,0.0,0.0,0.0,Human
67488,1616,19999,false,12,160,41.0,0.976615,72992,0.9245944761069707,54263,17.8438,0.0,0.0,0.0,0.0,0.0,0.0,0.0,0.0,0.0,0.0,0.0,0.0,0.0,0.0,Human
3076,1646,14103,false,14,78,1.0,0.651419,40350,0.07623296158612143,15484,9.21118,0.0,0.0,0.0,0.0,0.0,0.0,0.0,0.0,0.0,0.0,0.0,0.0,0.0,0.0,Human
1013,1930,6371,false,4,75,0.0,0.344207,57740,0.017544163491513682,62399,25.9455,0.0,0.0,0.0,0.0,0.0,0.0,0.0,0.0,0.0,0.0,0.0,0.0,0.0,0.0,Human
506974,1302,7661,false,11,160,389.0,0.997438,61944,8.184392354384606,13106,5.07788,0.0,0.0,0.0,0.0,0.0,0.0,0.0,0.0,0.0,0.0,0.0,0.0,0.0,0.0,Human
412880,1357,86,false,10,110,304.0,0.996724,77589,5.321372875020944,51599,15.965,0.0,0.0,0.0,0.0,0.0,0.0,0.0,0.0,0.0,0.0,0.0,0.0,0.0,0.0,Human
19148,718,817,false,14,150,26.0,0.963858,37933,0.5047847520628477,3542,2.24177,0.0,0.0,0.0,0.0,0.0,0.0,0.0,0.0,0.0,0.0,0.0,0.0,0.0,0.0,Human
84041321,244,2100,false,12,13,344431.0,0.999997,73635,1141.3230257350444,4161,1.35626,0.0,0.0,0.0,0.0,0.0,0.0,0.0,0.0,0.0,0.0,0.0,0.0,0.0,0.0,Human
51758350,95,0,false,17,102,544824.0,0.999998,60306,858.2620303120751,2862,1.13933,0.0,0.0,0.0,0.0,0.0,0.0,0.0,0.0,0.0,0.0,0.0,0.0,0.0,0.0,Human
12184043,279,24,false,15,135,43670.0,0.999977,53079,229.54545112002864,2495,1.12845,0.0,0.0,0.0,0.0,0.0,0.0,0.0,0.0,0.0,0.0,0.0,0.0,0.0,0.0,Human
7783535,15278,147,false,7,3,509.0,0.998041,48174,161.57128326483166,11753,5.856,0.0,0.0,0.0,0.0,0.0,0.0,0.0,0.0,0.0,0.0,0.0,0.0,0.0,0.0,Human
4093,244,1868,false,19,65,16.0,0.94374,59048,0.06931648828072078,12081,4.91098,0.0,0.0,0.0,0.0,0.0,0.0,0.0,0.0,0.0,0.0,0.0,0.0,0.0,0.0,Human
772368,409,1261,false,13,13,1888.0,0.999471,42906,18.00139840581737,12488,6.98825,0.0,0.0,0.0,0.0,0.0,0.0,0.0,0.0,0.0,0.0,0.0,0.0,0.0,0.0,Human
2248017,637,41426,false,9,147,3529.0,0.999717,73460,30.601919411924857,7915,2.5866,0.0,0.0,0.0,0.0,0.0,0.0,0.0,0.0,0.0,0.0,0.0,0.0,0.0,0.0,Human
233,6,1,false,12,0,38.0,0.974895,30990,0.007518554372378187,338506,262.204,0.0,0.0,0.0,0.0,0.0,0.0,0.0,0.0,0.0,0.0,0.0,0.0,0.0,0.0,Bot
413,0,2,false,16,76,413.0,1.0,42793,0.009651111163040684,227274,127.467,0.0,0.0,0.0,0.0,0.0,0.0,0.0,0.0,0.0,0.0,0.0,0.0,0.0,0.0,Bot
553,1027,968,false,16,27,0.0,0.35,35758,0.015465070753397842,5975,4.01276,0.0,0.0,0.0,0.0,0.0,0.0,0.0,0.0,0.0,0.0,0.0,0.0,0.0,0.0,Bot
2231,259,287,false,13,100,8.0,0.895984,26589,0.08390687878445974,5645,5.09937,0.0,0.0,0.0,0.0,0.0,0.0,0.0,0.0,0.0,0.0,0.0,0.0,0.0,0.0,Bot
807,1004,1451,false,8,62,0.0,0.44561,42624,0.018932995495495496,1665,0.9375,0.0,0.0,0.0,0.0,0.0,0.0,0.0,0.0,0.0,0.0,0.0,0.0,0.0,0.0,Bot
1953,350,1,false,16,102,5.0,0.848024,43386,0.04501452081316554,545861,302.081,0.0,0.0,0.0,0.0,0.0,0.0,0.0,0.0,0.0,0.0,0.0,0.0,0.0,0.0,Bot
58,19,78,false,20,69,3.0,0.753247,36893,0.0015721139511560458,1344,0.874431,0.0,0.0,0.0,0.0,0.0,0.0,0.0,0.0,0.0,0.0,0.0,0.0,0.0,0.0,Bot
18642,1011,117,false,7,25,18.0,0.948557,72865,0.25584299732381804,64333,21.1901,0.0,0.0,0.0,0.0,0.0,0.0,0.0,0.0,0.0,0.0,0.0,0.0,0.0,0.0,Bot
639,677,3,false,9,159,0.0,0.485562,60999,0.010475581566910933,6302,2.48013,0.0,0.0,0.0,0.0,0.0,0.0,0.0,0.0,0.0,0.0,0.0,0.0,0.0,0.0,Bot
192,73,0,false,12,134,2.0,0.724528,71321,0.002692054233675916,858,0.288792,0.0,0.0,0.0,0.0,0.0,0.0,0.0,0.0,0.0,0.0,0.0,0.0,0.0,0.0,Bot
9260,3512,29279,false,12,127,2.0,0.725024,39716,0.23315540336388357,144000,87.0617,0.0,0.0,0.0,0.0,0.0,0.0,0.0,0.0,0.0,0.0,0.0,0.0,0.0,0.0,Bot
925,154,3,false,12,17,6.0,0.857275,60041,0.015406139138255526,5966,2.38545,0.0,0.0,0.0,0.0,0.0,0.0,0.0,0.0,0.0,0.0,0.0,0.0,0.0,0.0,Bot
70,61,232,false,6,0,1.0,0.534351,33840,0.0020685579196217494,2499,1.77234,0.0,0.0,0.0,0.0,0.0,0.0,0.0,0.0,0.0,0.0,0.0,0.0,0.0,0.0,Bot
164,3,1,false,5,36,54.0,0.982036,71045,0.002308396086987121,301651,101.909,0.0,0.0,0.0,0.0,0.0,0.0,0.0,0.0,0.0,0.0,0.0,0.0,0.0,0.0,Bot
563,989,419,false,4,88,0.0,0.362758,43702,0.012882705596997848,15869,8.71923,0.0,0.0,0.0,0.0,0.0,0.0,0.0,0.0,0.0,0.0,0.0,0.0,0.0,0.0,Bot
36,1,0,false,6,4,36.0,0.972973,27218,0.0013226541259460651,159202,140.39,0.0,0.0,0.0,0.0,0.0,0.0,0.0,0.0,0.0,0.0,0.0,0.0,0.0,0.0,Bot
442,949,32338,false,6,0,0.0,0.317757,32565,0.013572854291417165,14828,10.9351,0.0,0.0,0.0,0.0,0.0,0.0,0.0,0.0,0.0,0.0,0.0,0.0,0.0,0.0,Bot
14,39,2,false,7,12,0.0,0.264151,41271,3.3922124494196895E-4,926,0.538685,0.0,0.0,0.0,0.0,0.0,0.0,0.0,0.0,0.0,0.0,0.0,0.0,0.0,0.0,Bot
50,262,40,false,5,55,0.0,0.160256,50126,9.974863344372183E-4,1269,0.607759,0.0,0.0,0.0,0.0,0.0,0.0,0.0,0.0,0.0,0.0,0.0,0.0,0.0,0.0,Bot
135,417,1077,false,8,152,0.0,0.244565,46841,0.002882090476292137,4907,2.51512,0.0,0.0,0.0,0.0,0.0,0.0,0.0,0.0,0.0,0.0,0.0,0.0,0.0,0.0,Bot
4,10,0,false,10,67,0.0,0.285714,30425,1.314708299096138E-4,309550,244.317,0.0,0.0,0.0,0.0,0.0,0.0,0.0,0.0,0.0,0.0,0.0,0.0,0.0,0.0,Bot
5668,5693,717,false,9,130,0.0,0.4989,69032,0.08210684899756635,308783,107.365,0.0,0.0,0.0,0.0,0.0,0.0,0.0,0.0,0.0,0.0,0.0,0.0,0.0,0.0,Bot
614,1791,0,false,11,84,0.0,0.255301,66424,0.00924364687462363,2447,0.884351,0.0,0.0,0.0,0.0,0.0,0.0,0.0,0.0,0.0,0.0,0.0,0.0,0.0,0.0,Bot
718,18,21,false,13,94,39.0,0.975543,34262,0.020956161344930245,158074,110.774,0.0,0.0,0.0,0.0,0.0,0.0,0.0,0.0,0.0,0.0,0.0,0.0,0.0,0.0,Bot
2897,497,5072,false,13,104,5.0,0.853565,46389,0.06245014982000043,3442,1.78157,0.0,0.0,0.0,0.0,0.0,0.0,0.0,0.0,0.0,0.0,0.0,0.0,0.0,0.0,Bot
433,455,124,false,8,98,0.0,0.487613,56087,0.00772014905414802,9631,4.12286,0.0,0.0,0.0,0.0,0.0,0.0,0.0,0.0,0.0,0.0,0.0,0.0,0.0,0.0,Bot
1186,1045,0,false,13,42,1.0,0.5316,39067,0.030358102746563597,25165,15.4671,0.0,0.0,0.0,0.0,0.0,0.0,0.0,0.0,0.0,0.0,0.0,0.0,0.0,0.0,Bot
110,597,2,false,11,0,0.0,0.155587,34300,0.003206997084548105,5186,3.62911,0.0,0.0,0.0,0.0,0.0,0.0,0.0,0.0,0.0,0.0,0.0,0.0,0.0,0.0,Bot
5,28,2,false,12,0,0.0,0.151515,46891,1.066302702011047E-4,8742,4.47619,0.0,0.0,0.0,0.0,0.0,0.0,0.0,0.0,0.0,0.0,0.0,0.0,0.0,0.0,Bot
37,1,1,false,10,40,37.0,0.973684,26644,0.0013886803783215733,284045,255.896,0.0,0.0,0.0,0.0,0.0,0.0,0.0,0.0,0.0,0.0,0.0,0.0,0.0,0.0,Bot
164081,1050,253,false,16,105,156.0,0.993641,40438,4.057594341955586,25978,15.4264,0.0,0.0,0.0,0.0,0.0,0.0,0.0,0.0,0.0,0.0,0.0,0.0,0.0,0.0,Bot
318,25,11,false,11,0,12.0,0.927114,35346,0.008996774741130538,764426,519.311,0.0,0.0,0.0,0.0,0.0,0.0,0.0,0.0,0.0,0.0,0.0,0.0,0.0,0.0,Bot
2664364,2714,1659,false,18,133,981.0,0.998982,71672,37.17440562562786,34678,11.6135,0.0,0.0,0.0,0.0,0.0,0.0,0.0,0.0,0.0,0.0,0.0,0.0,0.0,0.0,Bot
505,1807,548,false,8,105,0.0,0.218426,51397,0.009825476195108663,2240,1.04624,0.0,0.0,0.0,0.0,0.0,0.0,0.0,0.0,0.0,0.0,0.0,0.0,0.0,0.0,Bot
83,458,2,false,13,103,0.0,0.15342,28884,0.0028735632183908046,5888,4.89443,0.0,0.0,0.0,0.0,0.0,0.0,0.0,0.0,0.0,0.0,0.0,0.0,0.0,0.0,Bot
876,59,6,false,13,0,14.0,0.936898,28713,0.030508828753526278,479154,400.63,0.0,0.0,0.0,0.0,0.0,0.0,0.0,0.0,0.0,0.0,0.0,0.0,0.0,0.0,Bot
246,283,349,false,10,0,0.0,0.465028,41740,0.0058936272160996644,8360,4.80736,0.0,0.0,0.0,0.0,0.0,0.0,0.0,0.0,0.0,0.0,0.0,0.0,0.0,0.0,Bot
31,1,0,false,6,11,31.0,0.96875,27176,0.0011407123932881955,157699,139.31,0.0,0.0,0.0,0.0,0.0,0.0,0.0,0.0,0.0,0.0,0.0,0.0,0.0,0.0,Bot
38518,21533,386,false,14,124,1.0,0.641421,44648,0.8627038165203369,245938,132.225,0.0,0.0,0.0,0.0,0.0,0.0,0.0,0.0,0.0,0.0,0.0,0.0,0.0,0.0,Bot
6,12,34,true,14,0,0.0,0.333333,46152,1.3000520020800833E-4,5754,2.9922,0.0,0.0,0.0,0.0,0.0,0.0,0.0,0.0,0.0,0.0,0.0,0.0,0.0,0.0,Bot
3381,4102,12,false,15,66,0.0,0.451824,58333,0.05796033120189258,2080,0.855967,0.0,0.0,0.0,0.0,0.0,0.0,0.0,0.0,0.0,0.0,0.0,0.0,0.0,0.0,Bot
670,224,0,false,19,143,2.0,0.749441,59843,0.011195962769246195,181469,72.7914,0.0,0.0,0.0,0.0,0.0,0.0,0.0,0.0,0.0,0.0,0.0,0.0,0.0,0.0,Bot
416,1137,2472,false,6,36,0.0,0.267869,38973,0.010674056398019141,16926,10.4288,0.0,0.0,0.0,0.0,0.0,0.0,0.0,0.0,0.0,0.0,0.0,0.0,0.0,0.0,Bot
813,1818,3,false,17,123,0.0,0.309008,33436,0.02431510946285441,96989,69.626,0.0,0.0,0.0,0.0,0.0,0.0,0.0,0.0,0.0,0.0,0.0,0.0,0.0,0.0,Bot
2391,543,9,false,13,32,4.0,0.814928,71924,0.033243423613814584,8407,2.80607,0.0,0.0,0.0,0.0,0.0,0.0,0.0,0.0,0.0,0.0,0.0,0.0,0.0,0.0,Bot
2316,2664,6846,false,4,149,0.0,0.46506,68541,0.03378999430997505,100204,35.0977,0.0,0.0,0.0,0.0,0.0,0.0,0.0,0.0,0.0,0.0,0.0,0.0,0.0,0.0,Bot
723,2946,91,false,6,0,0.0,0.197056,48164,0.015011211693380948,120700,60.1695,0.0,0.0,0.0,0.0,0.0,0.0,0.0,0.0,0.0,0.0,0.0,0.0,0.0,0.0,Bot
678,9,0,false,19,50,75.0,0.9869,40744,0.016640486942862753,5703,3.36064,0.0,0.0,0.0,0.0,0.0,0.0,0.0,0.0,0.0,0.0,0.0,0.0,0.0,0.0,Bot
1,10,0,true,12,0,0.0,0.0909091,31765,3.1481189988981584E-5,225045,170.102,0.0,0.0,0.0,0.0,0.0,0.0,0.0,0.0,0.0,0.0,0.0,0.0,0.0,0.0,Bot
2721,3310,0,false,12,155,0.0,0.451169,47695,0.057050005241639584,4196,2.11173,0.0,0.0,0.0,0.0,0.0,0.0,0.0,0.0,0.0,0.0,0.0,0.0,0.0,0.0,Bot
9934,19,0,false,9,148,522.0,0.998091,55214,0.17991813670445903,1586776,689.903,0.0,0.0,0.0,0.0,0.0,0.0,0.0,0.0,0.0,0.0,0.0,0.0,0.0,0.0,Bot
0,2,0,true,12,0,0.0,0.0,27762,0.0,4843,4.18945,0.0,0.0,0.0,0.0,0.0,0.0,0.0,0.0,0.0,0.0,0.0,0.0,0.0,0.0,Bot
7,11,0,false,14,68,0.0,0.388889,30311,2.3093926297383787E-4,1642,1.30111,0.0,0.0,0.0,0.0,0.0,0.0,0.0,0.0,0.0,0.0,0.0,0.0,0.0,0.0,Bot
3124,3240,0,false,14,62,0.0,0.490886,51556,0.06059430522150671,73345,34.1457,0.0,0.0,0.0,0.0,0.0,0.0,0.0,0.0,0.0,0.0,0.0,0.0,0.0,0.0,Bot
2386,16,8130,false,15,126,149.0,0.993339,28056,0.08504419731964642,91786,78.5167,0.0,0.0,0.0,0.0,0.0,0.0,0.0,0.0,0.0,0.0,0.0,0.0,0.0,0.0,Bot
3415,5001,60198,false,4,124,0.0,0.405775,64852,0.052658360574847345,165898,61.3982,0.0,0.0,0.0,0.0,0.0,0.0,0.0,0.0,0.0,0.0,0.0,0.0,0.0,0.0,Bot
595,286,0,false,7,81,2.0,0.675369,54107,0.010996728704234203,356720,158.261,0.0,0.0,0.0,0.0,0.0,0.0,0.0,0.0,0.0,0.0,0.0,0.0,0.0,0.0,Bot
37,73,2374,false,9,47,0.0,0.336364,30229,0.0012239902080783353,3867,3.07149,0.0,0.0,0.0,0.0,0.0,0.0,0.0,0.0,0.0,0.0,0.0,0.0,0.0,0.0,Bot
272,2506,136,false,4,0,0.0,0.0979122,34356,0.007917103271626499,15692,10.9658,0.0,0.0,0.0,0.0,0.0,0.0,0.0,0.0,0.0,0.0,0.0,0.0,0.0,0.0,Bot
5003,171,0,false,18,0,29.0,0.96695,70146,0.07132266986000627,1712931,586.219,0.0,0.0,0.0,0.0,0.0,0.0,0.0,0.0,0.0,0.0,0.0,0.0,0.0,0.0,Bot
11354,10809,62,false,13,86,1.0,0.512295,60415,0.18793346023338575,40629,16.1418,0.0,0.0,0.0,0.0,0.0,0.0,0.0,0.0,0.0,0.0,0.0,0.0,0.0,0.0,Bot
684,1033,0,false,14,157,0.0,0.398369,26547,0.02576562323426376,267571,241.927,0.0,0.0,0.0,0.0,0.0,0.0,0.0,0.0,0.0,0.0,0.0,0.0,0.0,0.0,Bot
141,8,0,false,20,72,17.0,0.946309,57116,0.002468660270327054,85453,35.9197,0.0,0.0,0.0,0.0,0.0,0.0,0.0,0.0,0.0,0.0,0.0,0.0,0.0,0.0,Bot
2950,905,80,false,7,143,3.0,0.76524,71544,0.04123336687912334,15191,5.09594,0.0,0.0,0.0,0.0,0.0,0.0,0.0,0.0,0.0,0.0,0.0,0.0,0.0,0.0,Bot
260,266,0,false,20,125,0.0,0.494297,61362,0.004237150027704442,31755,12.4237,0.0,0.0,0.0,0.0,0.0,0.0,0.0,0.0,0.0,0.0,0.0,0.0,0.0,0.0,Bot
32,1,0,false,7,19,32.0,0.969697,27051,0.0011829507227089572,136583,121.192,0.0,0.0,0.0,0.0,0.0,0.0,0.0,0.0,0.0,0.0,0.0,0.0,0.0,0.0,Bot
1189,3041,5949,false,13,0,0.0,0.281087,38818,0.03063012004740069,145301,89.8584,0.0,0.0,0.0,0.0,0.0,0.0,0.0,0.0,0.0,0.0,0.0,0.0,0.0,0.0,Bot
2979,2453,0,true,11,65,1.0,0.548417,48333,0.06163490782695053,3474,1.72578,0.0,0.0,0.0,0.0,0.0,0.0,0.0,0.0,0.0,0.0,0.0,0.0,0.0,0.0,Bot
530,112,29,false,18,89,4.0,0.825545,41719,0.012704043721086316,154959,89.1594,0.0,0.0,0.0,0.0,0.0,0.0,0.0,0.0,0.0,0.0,0.0,0.0,0.0,0.0,Bot
1,1,1,false,6,69,1.0,0.5,28035,3.566969859104691E-5,27617,23.6447,0.0,0.0,0.0,0.0,0.0,0.0,0.0,0.0,0.0,0.0,0.0,0.0,0.0,0.0,Bot
6,11,0,false,11,157,0.0,0.352941,30649,1.957649515481745E-4,67949,53.2099,0.0,0.0,0.0,0.0,0.0,0.0,0.0,0.0,0.0,0.0,0.0,0.0,0.0,0.0,Bot
3620,1027,961,false,8,160,3.0,0.778997,51026,0.07094422451299337,9076,4.26905,0.0,0.0,0.0,0.0,0.0,0.0,0.0,0.0,0.0,0.0,0.0,0.0,0.0,0.0,Bot
536,22,0,false,15,75,24.0,0.960573,39045,0.013727750032014343,60651,37.3007,0.0,0.0,0.0,0.0,0.0,0.0,0.0,0.0,0.0,0.0,0.0,0.0,0.0,0.0,Bot
5,733,0,true,12,44,0.0,0.00677507,33510,1.4920919128618324E-4,6411,4.59241,0.0,0.0,0.0,0.0,0.0,0.0,0.0,0.0,0.0,0.0,0.0,0.0,0.0,0.0,Bot
6252,7017,0,false,11,119,0.0,0.471173,54436,0.11485046660298331,82821,36.5172,0.0,0.0,0.0,0.0,0.0,0.0,0.0,0.0,0.0,0.0,0.0,0.0,0.0,0.0,Bot
33657,321,139,false,12,96,104.0,0.990553,78068,0.431124148178511,4317,1.32749,0.0,0.0,0.0,0.0,0.0,0.0,0.0,0.0,0.0,0.0,0.0,0.0,0.0,0.0,Bot
7115,5307,75,false,11,122,1.0,0.572774,58415,0.12180090730120688,101054,41.5347,0.0,0.0,0.0,0.0,0.0,0.0,0.0,0.0,0.0,0.0,0.0,0.0,0.0,0.0,Bot
67277,678,3156,false,19,127,99.0,0.990023,85368,0.7880821853621967,97248,27.3399,0.0,0.0,0.0,0.0,0.0,0.0,0.0,0.0,0.0,0.0,0.0,0.0,0.0,0.0,Bot
1141,310,2,false,17,154,3.0,0.786354,68270,0.016713051120550753,31671,11.1361,0.0,0.0,0.0,0.0,0.0,0.0,0.0,0.0,0.0,0.0,0.0,0.0,0.0,0.0,Bot
30425,576,160,false,16,160,52.0,0.98142,75847,0.4011364984771975,40204,12.7228,0.0,0.0,0.0,0.0,0.0,0.0,0.0,0.0,0.0,0.0,0.0,0.0,0.0,0.0,Bot
148,339,3,false,10,112,0.0,0.303901,50973,0.002903497930276813,2011,0.947244,0.0,0.0,0.0,0.0,0.0,0.0,0.0,0.0,0.0,0.0,0.0,0.0,0.0,0.0,Bot
211,1312,0,false,15,110,0.0,0.138542,35598,0.005927299286476768,28999,19.5543,0.0,0.0,0.0,0.0,0.0,0.0,0.0,0.0,0.0,0.0,0.0,0.0,0.0,0.0,Bot
7121,344,665,false,8,137,20.0,0.953918,51536,0.13817525613163614,11037,5.14066,0.0,0.0,0.0,0.0,0.0,0.0,0.0,0.0,0.0,0.0,0.0,0.0,0.0,0.0,Bot
214,58,0,false,14,19,3.0,0.786765,31535,0.006786110670683368,217551,165.69,0.0,0.0,0.0,0.0,0.0,0.0,0.0,0.0,0.0,0.0,0.0,0.0,0.0,0.0,Bot
336,92,7,false,12,25,3.0,0.785047,43805,0.00767035726515238,93633,51.3058,0.0,0.0,0.0,0.0,0.0,0.0,0.0,0.0,0.0,0.0,0.0,0.0,0.0,0.0,Bot
23988,10748,334,false,14,42,2.0,0.69058,32990,0.7271294331615641,492413,358.379,0.0,0.0,0.0,0.0,0.0,0.0,0.0,0.0,0.0,0.0,0.0,0.0,0.0,0.0,Bot
485,1302,0,false,14,107,0.0,0.271405,30301,0.01600607240685126,10226,8.10301,0.0,0.0,0.0,0.0,0.0,0.0,0.0,0.0,0.0,0.0,0.0,0.0,0.0,0.0,Bot
3,130,0,true,3,0,0.0,0.0225564,40709,7.369377778869538E-5,362677,213.843,0.0,0.0,0.0,0.0,0.0,0.0,0.0,0.0,0.0,0.0,0.0,0.0,0.0,0.0,Bot
11686,1846,1043,false,8,80,6.0,0.863583,50328,0.23219678906374186,6623,3.15832,0.0,0.0,0.0,0.0,0.0,0.0,0.0,0.0,0.0,0.0,0.0,0.0,0.0,0.0,Bot
8086,98,1,false,13,129,82.0,0.988025,30466,0.2654106216766231,30908,24.3562,0.0,0.0,0.0,0.0,0.0,0.0,0.0,0.0,0.0,0.0,0.0,0.0,0.0,0.0,Bot
30805,1076,1321,false,10,120,28.0,0.966249,69004,0.4464233957451742,168444,58.5892,0.0,0.0,0.0,0.0,0.0,0.0,0.0,0.0,0.0,0.0,0.0,0.0,0.0,0.0,Bot
595,125,62,false,20,0,4.0,0.826389,45968,0.012943786982248521,2015,1.05222,0.0,0.0,0.0,0.0,0.0,0.0,0.0,0.0,0.0,0.0,0.0,0.0,0.0,0.0,Bot
1958,2147,128,false,20,123,0.0,0.476979,57692,0.03393884767385426,41903,17.4378,0.0,0.0,0.0,0.0,0.0,0.0,0.0,0.0,0.0,0.0,0.0,0.0,0.0,0.0,Bot
82,124,27047,false,8,0,0.0,0.398058,26959,0.003041655847768834,34009,30.2841,0.0,0.0,0.0,0.0,0.0,0.0,0.0,0.0,0.0,0.0,0.0,0.0,0.0,0.0,Bot
81247,21225,27,false,16,0,3.0,0.79287,74965,1.083799106249583,46076,14.7538,0.0,0.0,0.0,0.0,0.0,0.0,0.0,0.0,0.0,0.0,0.0,0.0,0.0,0.0,Bot
1322,1634,115,false,16,158,0.0,0.447226,29811,0.04434604676126262,1797,1.44686,0.0,0.0,0.0,0.0,0.0,0.0,0.0,0.0,0.0,0.0,0.0,0.0,0.0,0.0,Bot
608,22,154,false,16,134,27.0,0.965079,45887,0.01324994007017238,3135,1.6405,0.0,0.0,0.0,0.0,0.0,0.0,0.0,0.0,0.0,0.0,0.0,0.0,0.0,0.0,Bot
1533,1300,14,false,12,160,1.0,0.541122,30591,0.05011277826811807,39511,31.0133,0.0,0.0,0.0,0.0,0.0,0.0,0.0,0.0,0.0,0.0,0.0,0.0,0.0,0.0,Bot
64721,5555,2623,false,9,55,11.0,0.920955,75023,0.8626821108193488,27834,8.90688,0.0,0.0,0.0,0.0,0.0,0.0,0.0,0.0,0.0,0.0,0.0,0.0,0.0,0.0,Bot
3874133,16390,313,false,20,157,236.0,0.995787,56427,68.65743349814805,64267,27.336,0.44617647,413.89352,0.01,949.6041,1.49753766E9,109.54235,15.765,74.518234,0.075588234,0.039411765,3.6220589,22.525883,10.648824,9.168028,Human
